[{"model": "rbac.menu", "pk": 1, "fields": {"name": "\u7cfb\u7edf\u7ba1\u7406", "icon": "system", "path": "system", "is_frame": false, "sort": 0, "component": null, "pid": null}}, {"model": "rbac.menu", "pk": 2, "fields": {"name": "\u7528\u6237\u7ba1\u7406", "icon": "peoples", "path": "users", "is_frame": false, "sort": 1, "component": "system/user/index", "pid": 1}}, {"model": "rbac.menu", "pk": 3, "fields": {"name": "\u83dc\u5355\u7ba1\u7406", "icon": "menu", "path": "menus", "is_frame": false, "sort": 2, "component": "system/menu/index", "pid": 1}}, {"model": "rbac.menu", "pk": 4, "fields": {"name": "\u89d2\u8272\u7ba1\u7406", "icon": "role", "path": "roles", "is_frame": false, "sort": 3, "component": "system/role/index", "pid": 1}}, {"model": "rbac.menu", "pk": 5, "fields": {"name": "\u6743\u9650\u7ba1\u7406", "icon": "permission", "path": "permissions", "is_frame": false, "sort": 4, "component": "system/permission/index", "pid": 1}}, {"model": "rbac.menu", "pk": 6, "fields": {"name": "\u7ec4\u7ec7\u67b6\u6784", "icon": "peoples", "path": "organizations", "is_frame": false, "sort": 5, "component": "system/organization/index", "pid": 1}}, {"model": "rbac.permission", "pk": 1, "fields": {"name": "\u8d85\u7ea7\u7ba1\u7406\u5458", "method": "ADMIN", "pid": null, "menus": null}}, {"model": "rbac.role", "pk": 1, "fields": {"name": "\u7cfb\u7edf\u7ba1\u7406\u5458", "desc": "\u7cfb\u7edf\u9ed8\u8ba4", "permissions": [1], "menus": [1]}}, {"model": "rbac.userprofile", "pk": 1, "fields": {"password": "pbkdf2_sha256$120000$dBnUDiB7Rx61$juR0El9EkLjBJO24TUBBIhAWvPYOPsd7bvHnD/nfYE8=", "last_login": null, "is_superuser": true, "username": "admin", "first_name": "", "last_name": "", "is_staff": true, "is_active": true, "date_joined": "2019-01-31T13:46:18.111", "name": "", "mobile": "", "email": "admin@admin.com", "image": "image/default.png", "department": null, "post": null, "superior": null, "groups": [], "user_permissions": [], "roles": [1]}}]