<?xml version="1.0" encoding="UTF-8"?>
<!DOCTYPE generatorConfiguration
  PUBLIC "-//mybatis.org//DTD MyBatis Generator Configuration 1.0//EN"
  "http://mybatis.org/dtd/mybatis-generator-config_1_0.dtd">
<generatorConfiguration>

	<context id="DB2Tables" targetRuntime="MyBatis3">
		<commentGenerator>
			<property name="suppressAllComments" value="true" />
		</commentGenerator>

		<!-- 配置数据库连接 -->
		<jdbcConnection driverClass="com.mysql.jdbc.Driver"
			connectionURL="jdbc:mysql://127.0.0.1:3306/xinguan" userId="root"
			password="zhangyukang">
			<property name="serverTimezone" value="UTC"></property>
		</jdbcConnection>

		<javaTypeResolver>
			<property name="forceBigDecimals" value="false" />
		</javaTypeResolver>

		<!-- 指定javaBean生成的位置 -->
		<javaModelGenerator targetPackage="com.coderman.api.common.pojo.system"
			targetProject=".\src\main\java">
			<property name="enableSubPackages" value="true" />
			<property name="trimStrings" value="true" />
		</javaModelGenerator>

		<!-- table指定每个表的生成策略 -->
		<table tableName="biz_out_stock_info" domainObjectName="OutStockInfo"></table>
	</context>
</generatorConfiguration>
